context,question,id,answer_start,text
"Architecturally, the school has a Catholic character. Atop the Main Building\'s gold dome is a golden statue of the Virgin Mary. Immediately in front of the Main Building and facing it, is a copper statue of Christ with arms upraised with the legend ""Venite Ad Me Omnes"". Next to the Main Building is the Basilica of the Sacred Heart. Immediately behind the basilica is the Grotto, a Marian place of prayer and reflection. It is a replica of the grotto at Lourdes, France where the Virgin Mary reputedly appeared to Saint Bernadette Soubirous in 1858. At the end of the main drive (and in a direct line that connects through 3 statues and the Gold Dome), is a simple, modern stone statue of Mary.",'To whom did the Virgin Mary allegedly appear in 1858 in Lourdes France?',xyz,,Saint Bernadette Soubirous
"In recent years, deep learning has become a powerful tool for solving a wide range of problems in various fields, such as computer vision, natural language processing, and speech recognition. Deep learning models are able to learn complex representations of data and often outperform traditional machine learning methods. However, they require large amounts of data and computing resources to train.",What is deep learning?,abc,,"Deep learning is a powerful tool for solving a wide range of problems in various fields, such as computer vision, natural language processing, and speech recognition."
"The Great Barrier Reef is the world's largest coral reef system, located in the Coral Sea, off the coast of Australia. It stretches for over 2,300 kilometers and is made up of over 2,900 individual reefs and 900 islands. The reef is home to an incredible diversity of marine life, including over 1,500 species of fish, 30 species of whales and dolphins, and 6 of the world's 7 species of marine turtle.",Where is the Great Barrier Reef located?,opn,,"The Great Barrier Reef is located in the Coral Sea, off the coast of Australia."
"The Amazon rainforest is the largest tropical rainforest in the world, spanning over 2.1 million square miles. It is home to an incredible diversity of plant and animal life, with many species found nowhere else on Earth. The rainforest plays a vital role in regulating the Earth's climate, producing oxygen, and storing carbon dioxide. However, the Amazon is facing many threats, including deforestation, mining, and climate change.",What threats is the Amazon rainforest facing?,hjk,,"The Amazon rainforest is facing threats such as deforestation, mining, and climate change."
"France is a Western European country famous for its wines, food, and fashion. Its capital city is Paris.",What is the capital city of France?,ikl,,capital city is Paris
John is a software developer who works for a company that develops mobile applications. He is responsible for creating new features and fixing bugs in the code. John enjoys his work and is always eager to learn new programming languages and techniques.,What are some of the qualities that make John a good software developer?,fgh,,"he is responsible, enjoys his work, and is always eager to learn new programming languages and techniques."
"Music has been an important part of human culture for thousands of years. From ancient civilizations to modern times, people have used music to express themselves, tell stories, and connect with others. Music has the power to evoke strong emotions, whether it's joy, sadness, or nostalgia. It can also have therapeutic benefits, helping people to relax, reduce stress, and improve their mental health.",What are some of the benefits of listening to music?,rty,,"herapeutic benefits, helping people to relax, reduce stress, and improve their mental health"
"IIIT Dharwad is an institute of national importance situated in Dharwad, Karnataka. It trains students under the disciplines of ECE, CSE and DSAI.",How many departments does the institute have?,fdk,,three
"Penguins are a group of flightless birds that are highly adapted to life in the water. There are 18 different species of penguins, ranging in size from the small fairy penguin (which is only about 16 inches tall) to the emperor penguin (which can grow up to 4 feet tall). Penguins are found primarily in the Southern Hemisphere, and many species live in the frigid waters surrounding Antarctica.",What do pandas eat?,invalid,,Bamboo
